iter	RMSE
0	6.742215795
1	6.207179151
2	5.716222769
3	5.288799759
4	4.891008491
5	4.534435619
6	4.220614395
7	3.917021739
8	3.675995482
9	3.437926629
